act_description,victim,time_period,means_of_commission,legal_qualification,penalty,security_measure
"Okrivljeni je lako tjelesno povrijedio člana svoje porodice – suprugu A. Ž., te prema istoj više puta primijenio nasilje i istoj drskim i bezobzirnim ponašanjem ugrozio duševni integritet i drskim i bezobzirnim ponašanjem ugrozio tjelesni integritet člana svoje porodice - tasta oštećenog D. V.",supruga A. Ž. i tast D. V.,"08.07.2024. godine oko 20,00 h",drsko i bezobzirno ponašanje,krivično djelo iz čl. 220 st. 1 i 3 KZ CG,"Za krivično djelo nasilje u porodici ili u porodičnoj zajednici iz
            čl. 220 st. 1 i
            3
            KZ, u odnosu na oštećenu
            A. Ž., kazna zatvora od pet mjeseci,
            a za krivično djelo nasilje u porodici ili u porodičnoj zajednici iz
            čl. 220 st. 3
            KZ, u odnosu na oštećenog
            D. V., kazna zatvora od tri mjeseca,
            pa mu se na osnovu člana 48 Krivičnog zakonika izriče
            uslovna osuda kojom mu se utvrđuje jedinstvena kazna zatvora
            od sedam mjeseci i istovremeno određuje da se ista neće izvršiti,
            ukoliko okrivljeni u roku od dvije godine, po pravosnažnosti presude,
            ne izvrši novo krivično djelo.",
